{"cameraMode":{"drawMode":0,"name":"Shaded","section":"Shading Mode"},"sceneLighting":false,"audioPlay":false,"sceneViewState":{"showFog":true,"showMaterialUpdate":true,"showSkybox":true,"showFlares":true,"showImageEffects":true,"showParticleSystems":true},"in2DMode":false,"pivot":{"x":-66.17424774169922,"y":-297.472900390625,"z":91.99396514892578},"rotation":{"x":0.48334449529647829,"y":-0.5088440179824829,"z":0.4374582767486572,"w":0.5622310042381287},"size":471.4706726074219,"orthographic":false}